{
    "num_epochs": 150,
    "dataset": "/Users/christianbv/PycharmProjects/EiT/final_datasets",
    "train_split": 0.7,
    "val_split": 0.2,
    "test_split": 0.1,
    "recurrent_cell": "lstm",
    "recurrent_layers": 3,
    "recurrent_units": 64,
    "input_sequence_len": 168,
    "output_sequence_len": 24,
    "batch_size": 32,
    "optimizer": "sgd",
    "loss": "mse",
    "learning_rate": 0.001,
    "__timestamp__": 20210303200538,
    "verbose": 1,
    "epochs": 300,
    "steps": 340,
    "trainable_params": 91928,
    "non_trainable_params": 0.0,
    "total_params": 91928.0,
    "final_train_loss": 1.0175306797027588,
    "final_train_mse": 0.5784978866577148,
    "final_train_mae": 0.4756309688091278,
    "final_train_msle": 0.09196166694164276,
    "final_val_loss": 1.2152314186096191,
    "final_val_mse": 0.7761987447738647,
    "final_val_mae": 0.6090933680534363,
    "final_val_msle": 0.15891818702220917,
    "final_test_loss": 0.5562807321548462,
    "final_test_mse": 0.11724790185689926,
    "final_test_mae": 0.22831207513809204,
    "final_test_msle": 0.02180423215031624,
    "baseline_train_loss": 1.1305327415466309,
    "baseline_train_mse": 1.0157339572906494,
    "baseline_train_mae": 0.5545713901519775,
    "baseline_train_msle": 0.1480732560157776,
    "baseline_val_loss": 0.5659897923469543,
    "baseline_val_mse": 0.5659897923469543,
    "baseline_val_mae": 0.45605015754699707,
    "baseline_val_msle": 0.10200589150190353,
    "baseline_test_loss": 0.2101399153470993,
    "baseline_test_mse": 0.2101399153470993,
    "baseline_test_mae": 0.28461381793022156,
    "baseline_test_msle": 0.03635647892951965
}