{
    "num_epochs": 95,
    "dataset": "/Users/christianbv/PycharmProjects/EiT/final_datasets",
    "train_split": 0.7,
    "val_split": 0.2,
    "test_split": 0.1,
    "recurrent_cell": "lstm",
    "recurrent_layers": 2,
    "recurrent_units": 64,
    "input_sequence_len": 168,
    "output_sequence_len": 48,
    "batch_size": 32,
    "optimizer": "sgd",
    "loss": "mse",
    "learning_rate": 0.001,
    "__timestamp__": 20210303172934,
    "verbose": 1,
    "epochs": 300,
    "steps": 340,
    "trainable_params": 60464,
    "non_trainable_params": 0.0,
    "total_params": 60464.0,
    "final_train_loss": 1.2653207778930664,
    "final_train_mse": 0.7610634565353394,
    "final_train_mae": 0.5283373594284058,
    "final_train_msle": 0.11469080299139023,
    "final_val_loss": 1.0028314590454102,
    "final_val_mse": 0.4985743761062622,
    "final_val_mae": 0.5378564596176147,
    "final_val_msle": 0.09542442113161087,
    "final_test_loss": 0.6311501264572144,
    "final_test_mse": 0.12689299881458282,
    "final_test_mae": 0.2531030774116516,
    "final_test_msle": 0.022810645401477814,
    "baseline_train_loss": 1.2951469421386719,
    "baseline_train_mse": 1.1645654439926147,
    "baseline_train_mae": 0.6086248755455017,
    "baseline_train_msle": 0.16990631818771362,
    "baseline_val_loss": 0.6344994902610779,
    "baseline_val_mse": 0.6344994902610779,
    "baseline_val_mae": 0.4938710033893585,
    "baseline_val_msle": 0.11129789054393768,
    "baseline_test_loss": 0.2441079467535019,
    "baseline_test_mse": 0.2441079467535019,
    "baseline_test_mae": 0.3188231885433197,
    "baseline_test_msle": 0.03943407163023949
}